recipe_name,category,sheet
Puff Pastry Rectangular Sheets,Production Recipe,Puff Pastry Rectangular Sheets
Puff Pastry 400g,Production Recipe,Puff Pastry 400g
Mince Sausage Roll,Production Recipe,Mince Sausage Roll
Boerewors Sausage Rolls,Production Recipe,Boerewors Sausage Rolls
Steak & KIdney CROWN,Production Recipe,Steak & KIdney CROWN
Steak & KIdneyN1 SPICE,Production Recipe,Steak & KIdneyN1 SPICE
Pepper Steak CROWN,Production Recipe,Pepper Steak CROWN
Pepper Steak N1,Production Recipe,Pepper Steak N1
Plain Steak CROWN,Production Recipe,Plain Steak CROWN
Plain Steak,Production Recipe,Plain Steak
Beef Curry,Production Recipe,Beef Curry
Chicken & Mushroom DELI,Production Recipe,Chicken & Mushroom DELI
Chicken & Mushroom,Production Recipe,Chicken & Mushroom
Peri-Peri Chicken,Production Recipe,Peri-Peri Chicken
Plain Chicken DELI,Production Recipe,Plain Chicken DELI
Plain Chicken,Production Recipe,Plain Chicken
Spinach and Feta,Production Recipe,Spinach and Feta
Curry Veg,Production Recipe,Curry Veg
20kg Steak & Kidney (2),Production Recipe,20kg Steak & Kidney (2)
20kg Steak & Kidney,Production Recipe,20kg Steak & Kidney
120kg Steak & Kidney,Production Recipe,120kg Steak & Kidney
120kg Beef Curry,Production Recipe,120kg Beef Curry
20kg Beef Curry,Production Recipe,20kg Beef Curry
20kg Pepper Steak,Production Recipe,20kg Pepper Steak
120kg Pepper Steak  CAT,Production Recipe,120kg Pepper Steak  CAT
120kg Pepper Steak,Production Recipe,120kg Pepper Steak
20kg Plain Steak,Production Recipe,20kg Plain Steak
120kg Plain Steak  CAT,Production Recipe,120kg Plain Steak  CAT
120kg Plain Steak,Production Recipe,120kg Plain Steak
20kg Chicken & Mush,Production Recipe,20kg Chicken & Mush
120kg Chicken & Mush,Production Recipe,120kg Chicken & Mush
20kg Peri-Peri Chicken,Production Recipe,20kg Peri-Peri Chicken
120kg Peri-Peri Chicken,Production Recipe,120kg Peri-Peri Chicken
20kg Curry Veg,Production Recipe,20kg Curry Veg
120kg Curry Veg,Production Recipe,120kg Curry Veg
Burger Pies,Production Recipe,Burger Pies
Puff Pastry Premix,Production Recipe,Puff Pastry Premix
Puff Pastry 50kg,Production Recipe,Puff Pastry 50kg
Puff Pastry 100kg,Production Recipe,Puff Pastry 100kg
Pie Production 180g,Production Recipe,Pie Production 180g
I&J Boxes,Production Recipe,I&J Boxes
Pie Production,Production Recipe,Pie Production
Pie Production 180g,Production Recipe,Pie Production 180g
Pie Gourmet 230g,Production Recipe,Pie Gourmet 230g
Pie Production 600g,Production Recipe,Pie Production 600g
"Pie Family 1,1kg",Production Recipe,"Pie Family 1,1kg"
Recon Page Puff Pastry,Production Recipe,Recon Page Puff Pastry
Recon Page Filling,Production Recipe,Recon Page Filling
Recon Pie Production,Production Recipe,Recon Pie Production
Ciabatta Loaves,Production Recipe,Ciabatta Loaves
Garlic 75g Rolls,Production Recipe,Garlic 75g Rolls
Vita Kidz Bisuits,Production Recipe,Vita Kidz Bisuits
Croissant,Production Recipe,Croissant
NEW STEAK AND KIDNEY BATCH RECI,Production Recipe,NEW STEAK AND KIDNEY BATCH RECI
GOURMET KAROO LAMB,Production Recipe,GOURMET KAROO LAMB
GOURMET BOBOTI,Production Recipe,GOURMET BOBOTI
GOURMET GREEN PEPPERCORN BRISKE,Production Recipe,GOURMET GREEN PEPPERCORN BRISKE
GOURMET CONFIT CHICKENMUSHROOM,Production Recipe,GOURMET CONFIT CHICKENMUSHROOM
NEW PEPPER STEAK BATCH RECIPE,Production Recipe,NEW PEPPER STEAK BATCH RECIPE
NEW CHICKEN AND MUSHROOM,Production Recipe,NEW CHICKEN AND MUSHROOM
NEW PLAIN STEAK BATCH RECIPE,Production Recipe,NEW PLAIN STEAK BATCH RECIPE
MINCE CURRY,Production Recipe,MINCE CURRY
STROGGANOFF,Production Recipe,STROGGANOFF
