category,name,price,supplier,last_increase
Uncategorised,All spice,215.8,Gourmet Food,
SPICE,Aniseed Whole,148.15,Basic Foods,
VEG,Baby Marrow,24.99,Food Lovers,
PACKAGING,Bag on a roll,0.084,U-No-me,"R36,52 excl per 500"
FLOUR,Baking Powder,47.95,Basic foods,
SPICE,Bay Leaves,75.0,Gourmet Food,
MEAT,Beef Boerewors Mince (CATERING),49.5,N1 Suppliers,
MEAT,Beef Brisket,110.98,N1 Suppliers,
MEAT,Beef Brisket Bone In,78.5,N1 Suppliers,
FILLING,Beef Curry,622.85,KHF,
MEAT,Beef Ox Kidney Diced,55.95,N1 Suppliers,
MEAT,Beef Oxtail,124.99,N1 Suppliers,
SPICE,Beef Stock,25.69,Gourmet Food,
SPICE,Borrie,43.66,Basic Foods,
PACKAGING,Bottle,10.75,consel,
Uncategorised,BREAD,0.4,Unknown,
MEAT,Burger 60g,59.98,N1 Suppliers,
FLOUR,CAKE FLOUR,12.5,Pioneer,
VEG,Carrots,19.99,Food Lovers,
VEG,Celery,24.99,Food Lovers,
DAIRY,Cheddar Cheese Grated,100.46,Malans Dairy,
Uncategorised,CHEESE GRILLER,7.15,N1 SUPPLIERS,
SAUCE,Cheese Sauce,106.09,Freddy Hirsch,
Uncategorised,CHEESE SLICES,1.31,Unknown,
MEAT,Chicken Bites,34.95,Gourmet Food,
POULTRY,CHICKEN LQ,18.06,N1 SUPPLIERS,EACH
POULTRY,CHICKEN STRIPS,79.98,GOURMET FOODS,
FILLING,Chicken/Mushroom,325.44,KHF,
SPICE,Chilli Flakes,97.54,Basic Foods,
VEG,CHIPS,14.79,N1 SUPPLIERS,
SAUCE,Chutney,12.53,Basic Foods,
Uncategorised,Cloves,365.8,Gourmet Food,
SPICE,Corinader Whole,42.44,Gourmet Food,
FLOUR,Cornflour,14.0868,Cabfoods,
FILLING,Creamy Spinach & Feta,0,KHF,
VEG,Crushed Garlic,34.95,Food Lovers,
SPICE,Curry Leaves,30.75,Basic Foods,
SPICE,Curry Powder All-In-One,49.95,Gourmet Food,
SPICE,Dried Mixed Herbs,47.64,Basic Foods,
SPICE,Dried Oreganum,76.98,Basic Foods,
SPICE,Dried Parsley,43.82,Basic Foods,
DAIRY,Eggs,2.29,Basic Foods,
DAIRY,Feta 5kg tub,59.0,Fairwiew,
Uncategorised,Foil Bakkie,0.92,Gourmet Food,
PACKAGING,Foil Mini (quiche),0.4347826086956522,U-No-me,
PACKAGING,Foil Tart (family pies),2.6,U-No-me,
PACKAGING,Foilene Sheet,0.14,Fampak,
VEG,Fresh Basil,12.99,Food Lovers,
VEG,Fresh Coriander,12.99,Food Lovers,
VEG,Fresh Mushroom,22.99,Food Lovers,
VEG,Frozen McCain Asian Stirfry,0,N1 Suppliers,
VEG,Frozen Mixed Peppers,17.0,Gourmet Food,
VEG,Frozen Mixed Veg,27.05,N1 Suppliers,
VEG,Frozen Mushrooms Imported,34.98,N1 Suppliers,
VEG,Frozen Onion,21.0,Gourmet Food,
VEG,Garlic,29.99,Food Lovers,
SPICE,Garlic Flakes,96.19,Basic Foods,
SPICE,Garlic Powder,46.49,Basic Foods,
SPICE,Garum Masala,260.7826086956522,PnP,
GAS,GAS,0.41,GASMART,
SPICE,Ginger Powder,83.7,Basic Foods,
BAKERY,GREASE PROOF PAPER,0.643,Gourmet Food,
VEG,Green Pepper,59.0,Food Lovers,
SPICE,Ground Cinnamon,89.0,Basic Foods,
SPICE,Ground Coriander,49.14,Basic Foods,
SPICE,Ground Cumin,76.2,Basic Foods,
Uncategorised,Halal Sticker,0.08,Gourmet Food,
VEG,Instant yeast,4.99,Food Lovers,
VEG,Jalapenos,86.92753623188406,PnP,
JAM,Jam Apricot,41.535555555555554,Checkers,
PACKAGING,Label,0.32,CK Lables,
PACKAGING,label Echt,0.5,CK Lables,
VEG,Large Potatoes,9.9,Food Lovers,
VEG,Leeks,19.99,Food Lovers,
MEAT,Leg of Lamb (Deboned),224.98,N1 Suppliers,
MEAT,Leg of lamb (Mutton),174.98,N1 Suppliers,
MEAT,leg of lamb(Bone in),174.98,N1 Suppliers,
SAUCE,Lemon Juice,11.0,Basic Foods,
Uncategorised,MARITE POWDER,45.95,Unknown,
MEAT,Metro FQ Beef Goulash,85.98,N1 Suppliers,
DAIRY,MILK,24.333,Basic Foods,
FILLING,Mince Lean with Samoosa Spice,0,KHF,
FRUIT,Mixed Raisins,104.31304347826087,Checkers,
BAKERY,Muffin tubes,161.89,BASIC FOODS,
SPICE,Nutmeg,220.0,Basic Foods,
OIL,Oil,34.95,Gourmet Food,
OIL,Oil Blend,76.26,Basic Foods,
SPICE,Onion flakes,113.41,Basic Foods,
VEG,Onions Diced,0,Freezer Fresh,
MEAT,Ostrich Neck,54.95,N1 Suppliers,
PACKAGING,Outer Box,12.5,N1 Suppliers / Boland Printers,
PACKAGING,Outer Box SNACK LINE,10.23,Boland Drukpers,
VEG,Parsley,14.99,Food Lovers,
PASTRY,Pastry,12.36,KHF,
Uncategorised,Pastry King,31.2,Unknown,
VEG,Peppadews,152.15217391304347,PnP,
SPICE,Pepper Black Whole,220.17,Basic Foods,
SPICE,Pepper Caynne,65.74,Basic Foods,
SPICE,Pepper Ground Black,50.4,Gourmet Food,
SPICE,Pepper Pink,234.97,Basic Foods,
FILLING,Pepper Steak,392.86,KHF,
FILLING,Peri – Peri,323.15,KHF,
FILLING,Plain chicken,294.75,KHF,
FILLING,Plain Steak,645.84,KHF,
VEG,Potato Diced,0,Freezer Fresh,
SPICE,Powder Onion,56.95,Basic Foods,
SPICE,Pppercorn Green,75.0,Basic Foods,
PUFF,Puff Pastry,12.73,KHF,
VEG,Red Onion,24.99,Food Lovers,
VEG,Red Pepper,89.99,Food Lovers,
VEG,Rosemary,12.99,Food Lovers,
Uncategorised,RUSSIAN,3.7,N1 SUPPLIERS,
SPICE,Salt,7.7,Gourmet Food,
PASTRY,Samoosa Sheet,0.43479999999999996,Unknown,
SPICE,Samoosa Spice,100.0,Roomys Paleis,
Uncategorised,SANDWICH HAM,74.98,Unknown,
FLOUR,Selfraising flour,19.38,Pick a Pay,
SPICE,Smoked Paprika,59.76,Basic Foods,
SPICE,Smoking Chips,48.09,Basic Foods,
FILLING,Snack Line Mixed Veg,0,KHF,
Uncategorised,Soya,29.95,Unknown,
SAUCE,Soya Sauce,45.26,Basic Foods,
SPICE,Spice - Chicken N1,61.98,N1 Suppliers,
SPICE,Spice - Curry,74.38,N1 Suppliers,
SPICE,Spice - Pepper Steak,55.98,N1 Suppliers,
SPICE,Spice - Peri-Peri FH,131.93,N1 Suppliers,
SPICE,Spice - Steak & Kidney,61.98,N1 Suppliers,
SPICE,Spice - Veg Seasoning,86.0,Johanny Bags,
VEG,Spinach,14.99,Food Lovers,
FILLING,Spinach/Feta,0,KHF,
DRYSTORE,SPRAY AND COOK,45.0,Pick a Pay,
PASTRY,Springroll Sheet,0.43479999999999996,Unknown,
FILLING,Steak & Kidney,336.38,KHF,
SPICE,Sugar,20.42,Gourmet Food,
CONSUMABLE,Sunset Glaze,74.92,Chipkins,2023-10-01 00:00:00
SAUCE,Sweet Chilli Sauce,46.2608695652174,Basic Foods,
VEG,Sweet Corn,53.00106044538707,PnP,
Uncategorised,Tape,17.5,Gourmet Food,
SAUCE,TASTI CHEF BBQ SAUCE,19.7,NI SUPPLIERS,
VEG,Thyme,12.99,Food Lovers,
SAUCE,Tomato Braai Relish,26.87,Gourmet Food,
SAUCE,Tomato Paste,36.98,Gourmet Food,
SAUCE,Tomato Whole Peeled,29.98,Gourmet Food,
SAUCE,Tomatoe sauce,10.05,Basic Foods,
VEG,Tomatoes,15.99,Food Lovers,
BAKERY,UMAZI,22.99,CABFOODS,
DAIRY,Unsalted Butter,66.0,Basic Foods,
SAUCE,Vinegar apple,35.0,Basic Foods,
SAUCE,Vinegar Balsamic,22.97,Basic Foods,
SAUCE,Vinegar Red,36.78,Basic Foods,
SAUCE,Vinegar White,9.35,Basic Foods,
VEG,Wet yeast,13.8,Food Lovers,
VEG,White onion,14.14,Food Lovers,
DAIRY,Wooden spoon,22.29,Cabfoods,
SAUCE,Worster sauce,10.95,Basic Foods,
VEG,Yellow Pepper,89.99,Food Lovers,
